{
    "VehiclesSpawn": [
        { "x": 895.3402709960938, "y": -1820.08154296875, "z": 30.625429153442383 },
        { "x": 244.360595703125, "y": -1515.2310791015625, "z": 29.129703521728516 }
    ]
}